ID,Name_lang
724,Lightwell
5570,Insect Swarm
10060,Power Infusion
13705,Precision
13706,Hack and Slash
13707,Fist Weapon Specialization
13713,Deflection
13715,Dual Wield Specialization
13732,Improved Sinister Strike
13741,Improved Gouge
13742,Endurance
13743,Improved Sprint
13750,Adrenaline Rush
13754,Improved Kick
13877,Blade Flurry
13958,Master of Deception
13975,Camouflage
13976,Initiative
13981,Elusiveness
13983,Setup
14057,Opportunity
14076,Improved Sap
14079,Improved Ambush
14082,Dirty Deeds
14113,Improved Poisons
14128,Lethality
14138,Malice
14144,Remorseless Attacks
14156,Ruthlessness
14158,Murder
14162,Improved Eviscerate
14165,Improved Slice and Dice
14168,Improved Expose Armor
14171,Serrated Blades
14174,Improved Kidney Shot
14177,Cold Blood
14179,Relentless Strikes
14183,Premeditation
14185,Preparation
14186,Seal Fate
14278,Ghostly Strike
14520,Mental Agility
14522,Unbreakable Will
14523,Silent Resolve
14531,Martyrdom
14747,Improved Inner Fire
14748,Improved Power Word: Shield
14749,Improved Power Word: Fortitude
14750,Improved Mana Burn
14751,Inner Focus
14752,Divine Spirit
14889,Holy Specialization
14892,Inspiration
14898,Spiritual Healing
14901,Spiritual Guidance
14908,Improved Renew
14909,Searing Light
14912,Improved Healing
14913,Twilight Focus
14983,Vigor
15237,Holy Nova
15257,Shadow Weaving
15259,Darkness
15260,Shadow Focus
15268,Blackout
15270,Spirit Tap
15273,Improved Mind Blast
15274,Improved Fade
15275,Improved Shadow Word: Pain
15286,Vampiric Embrace
15318,Shadow Affinity
15392,Improved Psychic Scream
15407,Mind Flay
15473,Shadowform
16035,Concussion
16038,Call of Flame
16039,Convection
16040,Reverberation
16043,Earth's Grasp
16086,Improved Fire Nova
16120,Call of Thunder
16164,Elemental Focus
16173,Totemic Focus
16176,Ancestral Healing
16178,Purification
16179,Tidal Focus
16180,Nature's Guidance
16181,Healing Focus
16182,Improved Healing Wave
16184,Improved Reincarnation
16187,Restorative Totems
16188,Nature's Swiftness
16189,Totemic Mastery
16190,Mana Tide Totem
16194,Tidal Mastery
16255,Thundering Strikes
16258,Guardian Totems
16259,Enhancing Totems
16261,Improved Lightning Shield
16262,Improved Ghost Wolf
16266,Elemental Weapons
16268,Spirit Weapons
16269,Two-Handed Axes and Maces
16511,Hemorrhage
16513,Vile Poisons
16578,Elemental Alacrity
16579,Lightning Mastery
16689,Nature's Grasp
16814,Improved Wrath
16819,Nature's Reach
16821,Improved Moonfire
16833,Natural Shapeshifter
16836,Improved Thorns
16845,Moonglow
16850,Improved Starfire
16858,Feral Aggression
16864,Omen of Clarity
16880,Nature's Grace
16896,Moonfury
16902,Natural Weapons
16918,Improved Entangling Roots
16929,Thick Hide
16940,Brutal Impact
16942,Sharpened Claws
16947,Feral Instinct
16966,Shredding Attacks
16968,Improved Shred
16972,Predatory Strikes
16979,Feral Charge (Bear)
16998,Savage Fury
17002,Feral Swiftness
17003,Heart of the Wild
17007,Leader of the Pack
17050,Improved Mark of the Wild
17056,Furor
17063,Nature's Focus
17069,Naturalist
17074,Improved Regrowth
17079,Improved Enrage
17104,Gift of Nature
17111,Improved Rejuvenation
17118,Subtlety
17123,Improved Tranquility
17245,Overgrowth
17322,Shadow Reach
17364,Stormstrike
17485,Ancestral Knowledge
17778,Cataclysm
17783,Fel Concentration
17788,Bane
17793,Improved Shadow Bolt
17810,Improved Corruption
17815,Improved Immolate
17877,Shadowburn
17917,Destructive Reach
17927,Agonizing Flames
17954,Emberstorm
17959,Ruin
17962,Conflagrate
18073,Pyroclasm
18094,Nightfall
18096,Apocalypse
18126,Improved Firebolt
18128,Improved Lash of Pain
18130,Devastation
18135,Intensity
18179,Improved Curse of Weakness
18182,Improved Life Tap
18218,Grim Reach
18223,Curse of Exhaustion
18265,Siphon Life
18271,Shadow Mastery
18288,Amplify Curse
18310,Improved Curse of Exhaustion
18427,Aggression
18530,Divine Fury
18551,Mental Strength
18562,Swiftmend
18692,Improved Healthstone
18694,Improved Imp
18697,Demonic Embrace
18703,Improved Health Funnel
18705,Improved Voidwalker
18708,Fel Domination
18709,Master Summoner
18731,Fel Vitality
18754,Improved Sayaad
18767,Improved Firestone
18769,Unholy Power
18774,Improved Spellstone
18788,Demonic Sacrifice
18821,Improved Subjugate Demon
18827,Improved Bane of Agony
19028,Soul Link
19151,Humanoid Slaying
19159,Savage Strikes
19184,Entrapment
19228,Improved Wing Clip
19239,Clever Traps
19255,Survivalist
19263,Deterrence
19286,Improved Feign Death
19290,Surefooted
19306,Counterattack
19370,Killer Instinct
19376,Survival Tactics
19407,Improved Concussive Shot
19416,Efficiency
19421,Improved Hunter's Mark
19426,Lethal Attacks
19434,Aimed Shot
19454,Improved Arcane Shot
19461,Barrage
19464,Improved Serpent Sting
19485,Mortal Shots
19498,Hawk Eye
19506,Trueshot Aura
19507,Ranged Weapon Specialization
19549,Improved Aspect of the Monkey
19552,Deadly Aspects
19557,Improved Eyes of the Beast
19572,Improved Mend Pet
19574,Bestial Wrath
19578,Spirit Bond
19583,Endurance Training
19590,Bestial Discipline
19596,Bestial Swiftness
19616,Unleashed Fury
20711,Spirit of Redemption
24293,Improved Tracking
24294,Monster Slaying
24443,Improved Revive Pet
24858,Moonkin Form
24968,Tranquil Spirit
27789,Holy Reach
27811,Blessed Recovery
27839,Improved Vampiric Embrace
27900,Spell Warding
28996,Elemental Warding
28999,Elemental Reach
29062,Eye of the Storm
29082,Weapon Mastery
29187,Natural Grace
29189,Healing Grace
29192,Improved Weapon Totems
29206,Healing Way
30160,Elemental Devastation
30892,Sleight of Hand
30902,Deadliness
30919,Weapon Expertise
16252,Toughness
14521,Meditation
16089,Elemental Fury
19503,Scatter Shot
16934,Ferocity
19598,Ferocity
13712,Lightning Reflexes
19168,Lightning Reflexes
14251,Riposte
14524,Wand Specialization
19559,Pathfinding
15487,Silence
19577,Intimidation
17804,Soul Siphon
16909,Vengeance
17106,Reflection
16254,Anticipation
16253,Shield Specialization
16298,Shield Specialization
16299,Shield Specialization
16300,Shield Specialization
16301,Shield Specialization
16256,Flurry
18174,Suppression
13709,Hack and Slash
13960,Hack and Slash
13966,Fist Weapon Specialization
13967,Fist Weapon Specialization
13968,Fist Weapon Specialization
13969,Fist Weapon Specialization
19295,Deflection
14094,Improved Sap
14095,Improved Sap
14767,Improved Power Word: Fortitude
15323,Blackout
15324,Blackout
15325,Blackout
15326,Blackout
18544,Force of Will
18547,Force of Will
18548,Force of Will
18549,Force of Will
18550,Force of Will
16196,Nature's Guidance
16198,Nature's Guidance
17116,Nature's Swiftness
16295,Enhancing Totems
16580,Lightning Mastery
16581,Lightning Mastery
16582,Lightning Mastery
16839,Improved Thorns
16840,Improved Thorns
16859,Feral Aggression
16860,Feral Aggression
16861,Feral Aggression
16862,Feral Aggression
16903,Natural Weapons
16904,Natural Weapons
16905,Natural Weapons
16906,Natural Weapons
19609,Thick Hide
16958,Primal Fury
17051,Improved Mark of the Wild
17053,Improved Mark of the Wild
17054,Improved Mark of the Wild
17055,Improved Mark of the Wild
17082,Improved Enrage
17833,Improved Immolate
17834,Improved Immolate
17835,Improved Immolate
17836,Improved Immolate
18119,Aftermath
18127,Improved Firebolt
18129,Improved Lash of Pain
18180,Improved Curse of Weakness
18181,Improved Curse of Weakness
18311,Improved Curse of Exhaustion
18312,Improved Curse of Exhaustion
18313,Improved Curse of Exhaustion
18693,Improved Healthstone
18768,Improved Firestone
18775,Improved Spellstone
18822,Improved Subjugate Demon
18823,Improved Subjugate Demon
18824,Improved Subjugate Demon
18825,Improved Subjugate Demon
19152,Humanoid Slaying
19153,Humanoid Slaying
19287,Improved Feign Death
19621,Frenzy
19558,Improved Eyes of the Beast
23785,Master Demonologist
24295,Monster Slaying
29084,Weapon Mastery
29086,Weapon Mastery
29087,Weapon Mastery
29088,Weapon Mastery
29191,Healing Grace
29193,Improved Weapon Totems
30894,Heightened Senses
