ID,Description_lang,TierID,Flags,ColumnIndex,TabID,ClassID,SpecID,SpellID,OverridesSpellID,RequiredSpellID,CategoryMask_0,CategoryMask_1,SpellRank_0,SpellRank_1,SpellRank_2,SpellRank_3,SpellRank_4,SpellRank_5,SpellRank_6,SpellRank_7,SpellRank_8,PrereqTalent_0,PrereqTalent_1,PrereqTalent_2,PrereqRank_0,PrereqRank_1,PrereqRank_2
181,,1,0,2,181,0,0,0,0,0,0,0,13705,13832,13843,13844,13845,0,0,0,0,0,0,0,0,0,0
182,,3,0,1,181,0,0,0,0,0,0,0,13706,13804,13805,13806,13807,0,0,0,0,0,0,0,0,0,0
183,,4,0,3,181,0,0,0,0,0,0,0,13707,13966,13967,13968,13969,0,0,0,0,0,0,0,0,0,0
184,,4,0,0,181,0,0,0,0,0,0,0,13709,13800,13801,13802,13803,0,0,0,0,0,0,0,0,0,0
186,,0,0,2,181,0,0,0,0,0,0,0,13712,13788,13789,13790,13791,0,0,0,0,0,0,0,0,0,0
187,,1,0,1,181,0,0,0,0,0,0,0,13713,13853,13854,13855,13856,0,0,0,0,0,0,0,0,0,0
201,,0,0,1,181,0,0,0,0,0,0,0,13732,13863,0,0,0,0,0,0,0,0,0,0,0,0,0
202,,1,0,0,181,0,0,0,0,0,0,0,13733,13865,13866,0,0,0,0,0,0,0,0,0,0,0,0
203,,0,0,0,181,0,0,0,0,0,0,0,13741,13793,13792,0,0,0,0,0,0,0,0,0,0,0,0
204,,2,0,0,181,0,0,0,0,0,0,0,13742,13872,0,0,0,0,0,0,0,0,0,0,0,0,0
205,,6,1,1,181,0,0,0,0,0,0,0,13750,0,0,0,0,0,0,0,0,0,0,0,0,0,0
206,,3,0,0,181,0,0,0,0,0,0,0,13754,13867,0,0,0,0,0,0,0,0,0,0,0,0,0
221,,3,0,2,181,0,0,0,0,0,0,0,13715,13848,13849,13851,13852,0,0,0,0,181,0,0,4,0,0
222,,2,0,3,181,0,0,0,0,0,0,0,13743,13875,0,0,0,0,0,0,0,0,0,0,0,0,0
223,,4,1,1,181,0,0,0,0,0,0,0,13877,0,0,0,0,0,0,0,0,0,0,0,0,0,0
241,,0,0,1,183,0,0,0,0,0,0,0,13958,13970,13971,13972,13973,0,0,0,0,0,0,0,0,0,0
242,,4,0,2,181,0,0,0,0,0,0,0,13960,13961,13962,13963,13964,0,0,0,0,0,0,0,0,0,0
244,,1,0,2,183,0,0,0,0,0,0,0,13975,14062,14063,14064,14065,0,0,0,0,0,0,0,0,0,0
245,,2,0,0,183,0,0,0,0,0,0,0,13976,13979,13980,0,0,0,0,0,0,0,0,0,0,0,0
246,,3,0,0,183,0,0,0,0,0,0,0,13983,14070,14071,0,0,0,0,0,0,0,0,0,0,0,0
247,,1,0,1,183,0,0,0,0,0,0,0,13981,14066,0,0,0,0,0,0,0,0,0,0,0,0,0
261,,0,0,2,183,0,0,0,0,0,0,0,14057,14072,14073,14074,14075,0,0,0,0,0,0,0,0,0,0
262,,3,0,1,183,0,0,0,0,0,0,0,14076,14094,14095,0,0,0,0,0,0,0,0,0,0,0,0
263,,2,0,2,183,0,0,0,0,0,0,0,14079,14080,14081,0,0,0,0,0,0,0,0,0,0,0,0
265,,4,0,2,183,0,0,0,0,0,0,0,14082,14083,0,0,0,0,0,0,0,0,0,0,0,0,0
268,,3,0,2,182,0,0,0,0,0,0,0,14113,14114,14115,14116,14117,0,0,0,0,0,0,0,0,0,0
269,,2,0,2,182,0,0,0,0,0,0,0,14128,14132,14135,14136,14137,0,0,0,0,270,0,0,4,0,0
270,,0,0,2,182,0,0,0,0,0,0,0,14138,14139,14140,14141,14142,0,0,0,0,0,0,0,0,0,0
272,,0,0,1,182,0,0,0,0,0,0,0,14144,14148,0,0,0,0,0,0,0,0,0,0,0,0,0
273,,1,0,0,182,0,0,0,0,0,0,0,14156,14160,14161,0,0,0,0,0,0,0,0,0,0,0,0
274,,1,0,1,182,0,0,0,0,0,0,0,14158,14159,0,0,0,0,0,0,0,0,0,0,0,0,0
276,,0,0,0,182,0,0,0,0,0,0,0,14162,14163,14164,0,0,0,0,0,0,0,0,0,0,0,0
277,,1,0,3,182,0,0,0,0,0,0,0,14165,14166,14167,0,0,0,0,0,0,0,0,0,0,0,0
278,,2,0,1,182,0,0,0,0,0,0,0,14168,14169,0,0,0,0,0,0,0,0,0,0,0,0,0
279,,4,0,2,182,0,0,0,0,0,0,0,14174,14175,14176,0,0,0,0,0,0,0,0,0,0,0,0
280,,4,1,1,182,0,0,0,0,0,0,0,14177,0,0,0,0,0,0,0,0,0,0,0,0,0,0
281,,2,1,0,182,0,0,0,0,0,0,0,14179,0,0,0,0,0,0,0,0,0,0,0,0,0,0
283,,5,0,1,182,0,0,0,0,0,0,0,14186,14190,14193,14194,14195,0,0,0,0,280,0,0,0,0,0
284,,4,1,1,183,0,0,0,0,0,0,0,14185,0,0,0,0,0,0,0,0,0,0,0,0,0,0
301,,2,1,1,181,0,0,0,0,0,0,0,14251,0,0,0,0,0,0,0,0,187,0,0,4,0,0
303,,2,1,1,183,0,0,0,0,0,0,0,14278,0,0,0,0,0,0,0,0,0,0,0,0,0,0
321,,1,0,3,201,0,0,0,0,0,0,0,14531,14774,0,0,0,0,0,0,0,0,0,0,0,0,0
322,,6,1,1,201,0,0,0,0,0,0,0,10060,0,0,0,0,0,0,0,0,1201,0,0,4,0,0
341,,3,0,1,201,0,0,0,0,0,0,0,14520,14780,14781,14782,14783,0,0,0,0,0,0,0,0,0,0
342,,0,0,1,201,0,0,0,0,0,0,0,14522,14788,14789,14790,14791,0,0,0,0,0,0,0,0,0,0
343,,1,0,2,201,0,0,0,0,0,0,0,14748,14768,14769,0,0,0,0,0,0,0,0,0,0,0,0
344,,1,0,1,201,0,0,0,0,0,0,0,14749,14767,0,0,0,0,0,0,0,0,0,0,0,0,0
345,,0,0,2,201,0,0,0,0,0,0,0,14524,14525,14526,14527,14528,0,0,0,0,0,0,0,0,0,0
346,,3,0,0,201,0,0,0,0,0,0,0,14747,14770,14771,0,0,0,0,0,0,0,0,0,0,0,0
347,,2,0,2,201,0,0,0,0,0,0,0,14521,14776,14777,0,0,0,0,0,0,0,0,0,0,0,0
348,,2,1,1,201,0,0,0,0,0,0,0,14751,0,0,0,0,0,0,0,0,0,0,0,0,0,0
350,,3,0,3,201,0,0,0,0,0,0,0,14750,14772,0,0,0,0,0,0,0,0,0,0,0,0,0
351,,4,1,2,201,0,0,0,0,0,0,0,14752,0,0,0,0,0,0,0,0,347,0,0,2,0,0
352,,1,0,0,201,0,0,0,0,0,0,0,14523,14784,14785,14786,14787,0,0,0,0,0,0,0,0,0,0
361,,2,0,3,202,0,0,0,0,0,0,0,14892,15362,15363,0,0,0,0,0,0,0,0,0,0,0,0
381,,6,1,1,183,0,0,0,0,0,0,0,14183,0,0,0,0,0,0,0,0,284,0,0,0,0,0
382,,6,0,1,182,0,0,0,0,0,0,0,14983,0,0,0,0,0,0,0,0,0,0,0,0,0,0
401,,0,0,2,202,0,0,0,0,0,0,0,14889,15008,15009,15010,15011,0,0,0,0,0,0,0,0,0,0
402,,4,0,2,202,0,0,0,0,0,0,0,14901,15028,15029,15030,15031,0,0,0,0,0,0,0,0,0,0
403,,3,0,2,202,0,0,0,0,0,0,0,14909,15017,0,0,0,0,0,0,0,1181,0,0,4,0,0
404,,5,0,2,202,0,0,0,0,0,0,0,14898,15349,15354,15355,15356,0,0,0,0,0,0,0,0,0,0
406,,0,0,1,202,0,0,0,0,0,0,0,14908,15020,17191,0,0,0,0,0,0,0,0,0,0,0,0
408,,3,0,1,202,0,0,0,0,0,0,0,14912,15013,15014,0,0,0,0,0,0,0,0,0,0,0,0
410,,0,0,0,202,0,0,0,0,0,0,0,14913,15012,0,0,0,0,0,0,0,0,0,0,0,0,0
411,,1,0,1,202,0,0,0,0,0,0,0,27900,27901,27902,27903,27904,0,0,0,0,0,0,0,0,0,0
413,,4,0,0,202,0,0,0,0,0,0,0,14911,15018,0,0,0,0,0,0,0,0,0,0,0,0,0
442,,2,1,0,202,0,0,0,0,0,0,0,15237,0,0,0,0,0,0,0,0,0,0,0,0,0,0
461,,3,0,3,203,0,0,0,0,0,0,0,15257,15331,15332,15333,15334,0,0,0,0,0,0,0,0,0,0
462,,5,0,2,203,0,0,0,0,0,0,0,15259,15307,15308,15309,15310,0,0,0,0,0,0,0,0,0,0
463,,1,0,2,203,0,0,0,0,0,0,0,15260,15327,15328,15329,15330,0,0,0,0,0,0,0,0,0,0
464,,0,0,2,203,0,0,0,0,0,0,0,15268,15323,15324,15325,15326,0,0,0,0,0,0,0,0,0,0
465,,0,0,1,203,0,0,0,0,0,0,0,15270,15335,15336,15337,15338,0,0,0,0,0,0,0,0,0,0
466,,1,0,0,203,0,0,0,0,0,0,0,15318,15272,15320,0,0,0,0,0,0,0,0,0,0,0,0
481,,2,0,1,203,0,0,0,0,0,0,0,15273,15312,15313,15314,15316,0,0,0,0,0,0,0,0,0,0
482,,1,0,1,203,0,0,0,0,0,0,0,15275,15317,0,0,0,0,0,0,0,0,0,0,0,0,0
483,,3,0,1,203,0,0,0,0,0,0,0,15274,15311,0,0,0,0,0,0,0,0,0,0,0,0,0
484,,4,1,1,203,0,0,0,0,0,0,0,15286,0,0,0,0,0,0,0,0,0,0,0,0,0,0
501,,2,1,2,203,0,0,0,0,0,0,0,15407,0,0,0,0,0,0,0,0,0,0,0,0,0,0
521,,6,1,1,203,0,0,0,0,0,0,0,15473,0,0,0,0,0,0,0,0,484,0,0,0,0,0
541,,4,1,0,203,0,0,0,0,0,0,0,15487,0,0,0,0,0,0,0,0,542,0,0,1,0,0
542,,2,0,0,203,0,0,0,0,0,0,0,15392,15448,0,0,0,0,0,0,0,0,0,0,0,0,0
561,,1,0,2,261,0,0,0,0,0,0,0,16038,16160,16161,0,0,0,0,0,0,0,0,0,0,0,0
562,,2,0,2,261,0,0,0,0,0,0,0,16041,16117,16118,16119,16120,0,0,0,0,0,0,0,0,0,0
563,,0,0,2,261,0,0,0,0,0,0,0,16035,16105,16106,16107,16108,0,0,0,0,0,0,0,0,0,0
564,,0,0,1,261,0,0,0,0,0,0,0,16039,16109,16110,16111,16112,0,0,0,0,0,0,0,0,0,0
565,,4,0,1,261,0,0,0,0,0,0,0,16089,0,0,0,0,0,0,0,0,0,0,0,0,0,0
567,,3,0,0,261,0,0,0,0,0,0,0,16086,16544,0,0,0,0,0,0,0,0,0,0,0,0,0
572,,1,0,0,261,0,0,0,0,0,0,0,16043,16130,0,0,0,0,0,0,0,0,0,0,0,0,0
573,,6,1,1,261,0,0,0,0,0,0,0,16166,0,0,0,0,0,0,0,0,565,0,0,0,0,0
574,,2,1,0,261,0,0,0,0,0,0,0,16164,0,0,0,0,0,0,0,0,0,0,0,0,0,0
575,,2,0,1,261,0,0,0,0,0,0,0,16040,16113,16114,16115,16116,0,0,0,0,0,0,0,0,0,0
581,,1,0,1,262,0,0,0,0,0,0,0,16176,16235,16240,0,0,0,0,0,0,0,0,0,0,0,0
582,,2,0,2,262,0,0,0,0,0,0,0,16189,0,0,0,0,0,0,0,0,0,0,0,0,0,0
583,,2,0,0,262,0,0,0,0,0,0,0,16180,16196,16198,0,0,0,0,0,0,0,0,0,0,0,0
586,,0,0,1,262,0,0,0,0,0,0,0,16182,16226,16227,16228,16229,0,0,0,0,0,0,0,0,0,0
587,,2,0,1,262,0,0,0,0,0,0,0,16181,16230,16232,16233,16234,0,0,0,0,0,0,0,0,0,0
588,,3,0,1,262,0,0,0,0,0,0,0,16187,16205,16206,16207,16208,0,0,0,0,0,0,0,0,0,0
589,,1,0,0,262,0,0,0,0,0,0,0,16184,16209,0,0,0,0,0,0,0,0,0,0,0,0,0
590,,6,1,1,262,0,0,0,0,0,0,0,16190,0,0,0,0,0,0,0,0,588,0,0,4,0,0
591,,4,1,2,262,0,0,0,0,0,0,0,16188,0,0,0,0,0,0,0,0,0,0,0,0,0,0
592,,5,0,2,262,0,0,0,0,0,0,0,16178,16210,16211,16212,16213,0,0,0,0,0,0,0,0,0,0
593,,0,0,2,262,0,0,0,0,0,0,0,16179,16214,16215,16216,16217,0,0,0,0,0,0,0,0,0,0
594,,3,0,2,262,0,0,0,0,0,0,0,16194,16218,16219,16220,16221,0,0,0,0,0,0,0,0,0,0
595,,1,0,2,262,0,0,0,0,0,0,0,16173,16222,16223,16224,16225,0,0,0,0,0,0,0,0,0,0
601,,2,0,3,263,0,0,0,0,0,0,0,16254,16271,16272,16273,16274,0,0,0,0,0,0,0,0,0,0
602,,3,0,1,263,0,0,0,0,0,0,0,16256,16281,16282,16283,16284,0,0,0,0,613,0,0,4,0,0
605,,1,0,2,263,0,0,0,0,0,0,0,16262,16287,0,0,0,0,0,0,0,0,0,0,0,0,0
607,,1,0,3,263,0,0,0,0,0,0,0,16261,16290,16291,0,0,0,0,0,0,0,0,0,0,0,0
609,,1,0,0,263,0,0,0,0,0,0,0,16258,16293,0,0,0,0,0,0,0,0,0,0,0,0,0
610,,2,0,0,263,0,0,0,0,0,0,0,16259,16295,0,0,0,0,0,0,0,0,0,0,0,0,0
611,,4,0,1,263,0,0,0,0,0,0,0,16266,29079,29080,0,0,0,0,0,0,0,0,0,0,0,0
612,,0,0,2,263,0,0,0,0,0,0,0,16253,16298,16299,16300,16301,0,0,0,0,0,0,0,0,0,0
613,,1,0,1,263,0,0,0,0,0,0,0,16255,16302,16303,16304,16305,0,0,0,0,0,0,0,0,0,0
614,,0,0,1,263,0,0,0,0,0,0,0,17485,17486,17487,17488,17489,0,0,0,0,0,0,0,0,0,0
615,,3,0,2,263,0,0,0,0,0,0,0,16252,16306,16307,16308,16309,0,0,0,0,0,0,0,0,0,0
616,,4,0,2,263,0,0,0,0,0,0,0,16268,0,0,0,0,0,0,0,0,0,0,0,0,0,0
617,,2,0,2,263,0,0,0,0,0,0,0,16269,0,0,0,0,0,0,0,0,0,0,0,0,0,0
681,,4,1,3,183,0,0,0,0,0,0,0,16511,0,0,0,0,0,0,0,0,1123,0,0,2,0,0
682,,3,0,1,182,0,0,0,0,0,0,0,16513,16514,16515,16719,16720,0,0,0,0,0,0,0,0,0,0
721,,5,0,2,261,0,0,0,0,0,0,0,16578,16579,16580,16581,16582,0,0,0,0,562,0,0,4,0,0
761,,0,1,1,283,0,0,0,0,339,0,0,16689,0,0,0,0,0,0,0,0,0,0,0,0,0,0
762,,0,0,0,283,0,0,0,0,0,0,0,16814,16815,16816,16817,16818,0,0,0,0,0,0,0,0,0,0
763,,1,0,1,283,0,0,0,0,0,0,0,16821,16822,16823,16824,16825,0,0,0,0,0,0,0,0,0,0
764,,2,0,3,283,0,0,0,0,0,0,0,16819,16820,0,0,0,0,0,0,0,0,0,0,0,0,0
781,,1,0,3,283,0,0,0,0,0,0,0,16833,16834,16835,0,0,0,0,0,0,0,0,0,0,0,0
782,,2,0,0,283,0,0,0,0,0,0,0,16836,16839,16840,0,0,0,0,0,0,0,0,0,0,0,0
783,,4,0,2,283,0,0,0,0,0,0,0,16845,16846,16847,0,0,0,0,0,0,0,0,0,0,0,0
784,,3,0,2,283,0,0,0,0,0,0,0,16850,16923,16924,16925,16926,0,0,0,0,0,0,0,0,0,0
787,,1,0,0,283,0,0,0,0,0,0,0,16918,16919,16920,0,0,0,0,0,0,0,0,0,0,0,0
788,,2,1,2,283,0,0,0,0,0,0,0,16864,0,0,0,0,0,0,0,0,791,0,0,4,0,0
789,,4,0,1,283,0,0,0,0,0,0,0,16880,0,0,0,0,0,0,0,0,0,0,0,0,0,0
790,,5,0,1,283,0,0,0,0,0,0,0,16896,16897,16899,16900,16901,0,0,0,0,789,0,0,0,0,0
791,,1,0,2,283,0,0,0,0,0,0,0,16902,16903,16904,16905,16906,0,0,0,0,0,0,0,0,0,0
792,,3,0,1,283,0,0,0,0,0,0,0,16909,16910,16911,16912,16913,0,0,0,0,763,0,0,4,0,0
793,,6,1,1,283,0,0,0,0,0,0,0,24858,0,0,0,0,0,0,0,0,0,0,0,0,0,0
794,,1,0,2,281,0,0,0,0,0,0,0,16929,16930,16931,16932,16933,0,0,0,0,0,0,0,0,0,0
795,,0,0,2,281,0,0,0,0,0,0,0,16858,16859,16860,16861,16862,0,0,0,0,0,0,0,0,0,0
796,,0,0,1,281,0,0,0,0,0,0,0,16934,16935,16936,16937,16938,0,0,0,0,0,0,0,0,0,0
797,,1,0,1,281,0,0,0,0,0,0,0,16940,16941,0,0,0,0,0,0,0,0,0,0,0,0,0
798,,2,0,2,281,0,0,0,0,0,0,0,16942,16943,16944,0,0,0,0,0,0,0,0,0,0,0,0
799,,1,0,0,281,0,0,0,0,0,0,0,16947,16948,16949,16950,16951,0,0,0,0,0,0,0,0,0,0
800,,3,0,2,281,0,0,0,0,0,0,0,16952,16954,0,0,0,0,0,0,0,798,0,0,2,0,0
801,,3,0,3,281,0,0,0,0,0,0,0,16958,16961,0,0,0,0,0,0,0,798,0,0,2,0,0
802,,3,0,0,281,0,0,0,0,0,0,0,16966,16968,0,0,0,0,0,0,0,0,0,0,0,0,0
803,,3,0,1,281,0,0,0,0,0,0,0,16972,16974,16975,0,0,0,0,0,0,0,0,0,0,0,0
804,,2,1,1,281,0,0,0,0,0,0,0,16979,0,0,0,0,0,0,0,0,0,0,0,0,0,0
805,,4,0,0,281,0,0,0,0,0,0,0,16998,16999,0,0,0,0,0,0,0,0,0,0,0,0,0
807,,2,0,0,281,0,0,0,0,0,0,0,17002,24866,0,0,0,0,0,0,0,0,0,0,0,0,0
808,,5,0,1,281,0,0,0,0,0,0,0,17003,17004,17005,17006,24894,0,0,0,0,803,0,0,2,0,0
809,,6,1,1,281,0,0,0,0,0,0,0,17007,0,0,0,0,0,0,0,0,0,0,0,0,0,0
821,,0,0,1,282,0,0,0,0,0,0,0,17050,17051,17053,17054,17055,0,0,0,0,0,0,0,0,0,0
822,,0,0,2,282,0,0,0,0,0,0,0,17056,17058,17059,17060,17061,0,0,0,0,0,0,0,0,0,0
823,,1,0,1,282,0,0,0,0,0,0,0,17063,17065,17066,17067,17068,0,0,0,0,0,0,0,0,0,0
824,,1,0,0,282,0,0,0,0,0,0,0,17069,17070,17071,17072,17073,0,0,0,0,0,0,0,0,0,0
825,,5,0,2,282,0,0,0,0,0,0,0,17074,17075,17076,17077,17078,0,0,0,0,0,0,0,0,0,0
826,,1,0,2,282,0,0,0,0,0,0,0,17079,17082,0,0,0,0,0,0,0,0,0,0,4,0,0
827,,2,1,2,282,0,0,0,0,0,0,0,5570,0,0,0,0,0,0,0,0,0,0,0,0,0,0
828,,4,0,2,282,0,0,0,0,0,0,0,17104,24943,24944,24945,24946,0,0,0,0,827,0,0,0,0,0
829,,2,0,1,282,0,0,0,0,0,0,0,17106,17107,17108,0,0,0,0,0,0,0,0,0,0,0,0
830,,3,0,3,282,0,0,0,0,0,0,0,17111,17112,17113,0,0,0,0,0,0,0,0,0,0,0,0
831,,4,1,0,282,0,0,0,0,0,0,0,17116,0,0,0,0,0,0,0,0,824,0,0,4,0,0
841,,2,0,3,282,0,0,0,0,0,0,0,17118,17119,17120,17121,17122,0,0,0,0,0,0,0,0,0,0
842,,4,0,3,282,0,0,0,0,0,0,0,17123,17124,0,0,0,0,0,0,0,0,0,0,0,0,0
843,,3,0,1,282,0,0,0,0,0,0,0,24968,24969,24970,24971,24972,0,0,0,0,0,0,0,0,0,0
844,,6,1,1,282,0,0,0,0,0,0,0,18562,0,0,0,0,0,0,0,0,843,0,0,4,0,0
881,,3,0,2,203,0,0,0,0,0,0,0,17322,17323,17325,0,0,0,0,0,0,0,0,0,0,0,0
901,,6,1,1,263,0,0,0,0,0,0,0,17364,0,0,0,0,0,0,0,0,611,0,0,2,0,0
921,,0,0,2,283,0,0,0,0,0,0,0,17245,17247,17248,17249,0,0,0,0,0,761,0,0,0,0,0
941,,0,0,2,301,0,0,0,0,0,0,0,17778,17779,17780,17781,17782,0,0,0,0,0,0,0,0,0,0
943,,1,0,1,301,0,0,0,0,0,0,0,17788,17789,17790,17791,17792,0,0,0,0,0,0,0,0,0,0
944,,0,0,1,301,0,0,0,0,0,0,0,17793,17796,17801,17802,17803,0,0,0,0,0,0,0,0,0,0
961,,4,0,1,301,0,0,0,0,0,0,0,17815,17833,17834,17835,17836,0,0,0,0,0,0,0,0,0,0
963,,2,1,3,301,0,0,0,0,0,0,0,17877,0,0,0,0,0,0,0,0,0,0,0,0,0,0
964,,3,0,1,301,0,0,0,0,0,0,0,17917,17918,0,0,0,0,0,0,0,0,0,0,0,0,0
965,,3,0,3,301,0,0,0,0,0,0,0,17927,17929,17930,17931,17932,0,0,0,0,0,0,0,0,0,0
966,,5,0,2,301,0,0,0,0,0,0,0,17954,17955,17956,17957,17958,0,0,0,0,0,0,0,0,0,0
967,,4,0,2,301,0,0,0,0,0,0,0,17959,0,0,0,0,0,0,0,0,981,0,0,4,0,0
968,,6,1,1,301,0,0,0,0,0,0,0,17962,0,0,0,0,0,0,0,0,961,0,0,4,0,0
981,,2,0,2,301,0,0,0,0,0,0,0,18130,18131,18132,18133,18134,0,0,0,0,0,0,0,0,0,0
982,,1,0,2,301,0,0,0,0,0,0,0,18119,18120,18121,18122,18123,0,0,0,0,0,0,0,0,0,0
983,,2,0,0,301,0,0,0,0,0,0,0,18126,18127,0,0,0,0,0,0,0,0,0,0,0,0,0
984,,2,0,1,301,0,0,0,0,0,0,0,18128,18129,0,0,0,0,0,0,0,0,0,0,0,0,0
985,,3,0,0,301,0,0,0,0,0,0,0,18135,18136,0,0,0,0,0,0,0,0,0,0,0,0,0
986,,4,0,0,301,0,0,0,0,0,0,0,18096,18073,0,0,0,0,0,0,0,985,0,0,1,0,0
1001,,2,0,1,302,0,0,0,0,0,0,0,17783,17784,17785,17786,17787,0,0,0,0,0,0,0,0,0,0
1002,,3,0,1,302,0,0,0,0,0,0,0,18094,18095,0,0,0,0,0,0,0,0,0,0,0,0,0
1003,,0,0,2,302,0,0,0,0,0,0,0,17810,17811,17812,17813,17814,0,0,0,0,0,0,0,0,0,0
1004,,1,0,3,302,0,0,0,0,0,0,0,17804,17805,17806,17807,17808,0,0,0,0,0,0,0,0,0,0
1005,,0,0,1,302,0,0,0,0,0,0,0,18174,18175,18176,18177,18178,0,0,0,0,0,0,0,0,0,0
1006,,1,0,0,302,0,0,0,0,0,0,0,18179,18180,18181,0,0,0,0,0,0,0,0,0,0,0,0
1007,,1,0,2,302,0,0,0,0,0,0,0,18182,18183,0,0,0,0,0,0,0,0,0,0,0,0,0
1021,,3,0,0,302,0,0,0,0,0,0,0,18218,18219,0,0,0,0,0,0,0,0,0,0,0,0,0
1022,,6,1,1,302,0,0,0,0,0,0,0,18220,0,0,0,0,0,0,0,0,0,0,0,0,0,0
1041,,4,1,1,302,0,0,0,0,0,0,0,18265,0,0,0,0,0,0,0,0,0,0,0,0,0,0
1042,,5,0,1,302,0,0,0,0,0,0,0,18271,18272,18273,18274,18275,0,0,0,0,1041,0,0,0,0,0
1061,,2,1,2,302,0,0,0,0,0,0,0,18288,0,0,0,0,0,0,0,0,0,0,0,0,0,0
1081,,4,1,2,302,0,0,0,0,0,0,0,18223,0,0,0,0,0,0,0,0,1061,0,0,0,0,0
1082,,4,0,3,302,0,0,0,0,0,0,0,18310,18311,18312,18313,0,0,0,0,0,1081,0,0,0,0,0
1101,,1,0,1,302,0,0,0,0,0,0,0,18213,18372,0,0,0,0,0,0,0,0,0,0,0,0,0
1121,,3,0,3,302,0,0,0,0,0,0,0,17864,18393,0,0,0,0,0,0,0,0,0,0,0,0,0
1122,,5,0,2,181,0,0,0,0,0,0,0,18427,18428,18429,0,0,0,0,0,0,0,0,0,0,0,0
1123,,3,0,2,183,0,0,0,0,0,0,0,14171,14172,14173,0,0,0,0,0,0,0,0,0,0,0,0
1162,,4,1,2,281,0,0,0,0,0,0,0,16857,0,0,0,0,0,0,0,0,0,0,0,0,0,0
1181,,1,0,2,202,0,0,0,0,0,0,0,18530,18531,18533,18534,18535,0,0,0,0,0,0,0,0,0,0
1201,,4,0,1,201,0,0,0,0,0,0,0,18551,18552,18553,18554,18555,0,0,0,0,0,0,0,0,0,0
1202,,5,0,2,201,0,0,0,0,0,0,0,18544,18547,18548,18549,18550,0,0,0,0,0,0,0,0,0,0
1221,,0,0,0,303,0,0,0,0,0,0,0,18692,18693,0,0,0,0,0,0,0,0,0,0,0,0,0
1222,,0,0,1,303,0,0,0,0,0,0,0,18694,18695,18696,0,0,0,0,0,0,0,0,0,0,0,0
1223,,0,0,2,303,0,0,0,0,0,0,0,18697,18698,18699,18700,18701,0,0,0,0,0,0,0,0,0,0
1224,,1,0,0,303,0,0,0,0,0,0,0,18703,18704,0,0,0,0,0,0,0,0,0,0,0,0,0
1225,,1,0,1,303,0,0,0,0,0,0,0,18705,18706,18707,0,0,0,0,0,0,0,0,0,0,0,0
1226,,2,1,1,303,0,0,0,0,0,0,0,18708,0,0,0,0,0,0,0,0,0,0,0,0,0,0
1227,,3,0,1,303,0,0,0,0,0,0,0,18709,18710,0,0,0,0,0,0,0,1226,0,0,0,0,0
1241,,2,0,2,303,0,0,0,0,0,0,0,18748,18749,18750,18751,18752,0,0,0,0,0,0,0,0,0,0
1242,,1,0,2,303,0,0,0,0,0,0,0,18731,18743,18744,18745,18746,0,0,0,0,0,0,0,0,0,0
1243,,2,0,0,303,0,0,0,0,0,0,0,18754,18755,18756,0,0,0,0,0,0,0,0,0,0,0,0
1244,,5,0,2,303,0,0,0,0,0,0,0,23785,23822,23823,23824,23825,0,0,0,0,1262,0,0,4,0,0
1261,,4,0,3,303,0,0,0,0,0,0,0,18767,18768,0,0,0,0,0,0,0,0,0,0,0,0,0
1262,,3,0,2,303,0,0,0,0,0,0,0,18769,18770,18771,18772,18773,0,0,0,0,0,0,0,4,0,0
1263,,6,0,2,303,0,0,0,0,0,0,0,18774,18775,0,0,0,0,0,0,0,0,0,0,0,0,0
1281,,4,1,1,303,0,0,0,0,0,0,0,18788,0,0,0,0,0,0,0,0,0,0,0,0,0,0
1282,,6,1,1,303,0,0,0,0,0,0,0,19028,0,0,0,0,0,0,0,0,1281,0,0,0,0,0
1283,,4,0,0,303,0,0,0,0,0,0,0,18821,18822,18823,18824,18825,0,0,0,0,0,0,0,0,0,0
1284,,2,0,0,302,0,0,0,0,0,0,0,18827,18829,18830,0,0,0,0,0,0,0,0,0,0,0,0
1301,,0,0,1,362,0,0,0,0,0,0,0,19151,19152,19153,0,0,0,0,0,0,0,0,0,0,0,0
1303,,5,0,2,362,0,0,0,0,0,0,0,19168,19180,19181,24296,24297,0,0,0,0,0,0,0,0,0,0
1304,,1,0,0,362,0,0,0,0,0,0,0,19184,19387,19388,19389,19390,0,0,0,0,0,0,0,0,0,0
1305,,1,0,2,362,0,0,0,0,0,0,0,19228,19232,19233,19234,19235,0,0,0,0,0,0,0,0,0,0
1306,,2,0,0,362,0,0,0,0,0,0,0,19239,19245,0,0,0,0,0,0,0,0,0,0,0,0,0
1308,,2,1,2,362,0,0,0,0,0,0,0,19263,0,0,0,0,0,0,0,0,0,0,0,0,0,0
1309,,3,0,3,362,0,0,0,0,0,0,0,19286,19287,0,0,0,0,0,0,0,0,0,0,0,0,0
1310,,3,0,1,362,0,0,0,0,0,0,0,19290,19294,24283,0,0,0,0,0,0,0,0,0,0,0,0
1311,,0,0,2,362,0,0,0,0,0,0,0,19295,19297,19298,19301,19300,0,0,0,0,0,0,0,0,0,0
1312,,4,1,2,362,0,0,0,0,0,0,0,19306,0,0,0,0,0,0,0,0,1308,0,0,0,0,0
1321,,4,0,1,362,0,0,0,0,0,0,0,19370,19371,19373,0,0,0,0,0,0,0,0,0,0,0,0
1322,,3,0,0,362,0,0,0,0,0,0,0,19376,19377,0,0,0,0,0,0,0,0,0,0,0,0,0
1325,,6,1,1,362,0,0,0,0,0,0,0,19386,0,0,0,0,0,0,0,0,1321,0,0,2,0,0
1341,,0,0,1,363,0,0,0,0,0,0,0,19407,19412,19413,19414,19415,0,0,0,0,0,0,0,0,0,0
1342,,0,0,2,363,0,0,0,0,0,0,0,19416,19417,19418,19419,19420,0,0,0,0,0,0,0,0,0,0
1343,,1,0,1,363,0,0,0,0,0,0,0,19421,19422,19423,19424,19425,0,0,0,0,0,0,0,0,0,0
1344,,1,0,2,363,0,0,0,0,0,0,0,19426,19427,19429,19430,19431,0,0,0,0,0,0,0,0,0,0
1345,,2,1,0,363,0,0,0,0,0,0,0,19434,0,0,0,0,0,0,0,0,0,0,0,0,0,0
1346,,2,0,1,363,0,0,0,0,0,0,0,19454,19455,19456,19457,19458,0,0,0,0,0,0,0,0,0,0
1347,,4,0,1,363,0,0,0,0,0,0,0,19461,19462,24691,0,0,0,0,0,0,0,0,0,0,0,0
1348,,3,0,1,363,0,0,0,0,0,0,0,19464,19465,19466,19467,19468,0,0,0,0,0,0,0,0,0,0
1349,,3,0,2,363,0,0,0,0,0,0,0,19485,19487,19488,19489,19490,0,0,0,0,1344,0,0,4,0,0
1351,,4,0,2,363,0,0,0,0,0,0,0,19491,19493,19494,0,0,0,0,0,0,0,0,0,0,0,0
1352,,2,0,3,363,0,0,0,0,0,0,0,19498,19499,19500,0,0,0,0,0,0,0,0,0,0,0,0
1353,,4,1,0,363,0,0,0,0,0,0,0,19503,0,0,0,0,0,0,0,0,0,0,0,0,0,0
1361,,6,1,1,363,0,0,0,0,0,0,0,19506,0,0,0,0,0,0,0,0,1347,0,0,2,0,0
1362,,5,0,2,363,0,0,0,0,0,0,0,19507,19508,19509,19510,19511,0,0,0,0,0,0,0,0,0,0
1381,,1,0,1,361,0,0,0,0,0,0,0,19549,19550,19551,24386,24387,0,0,0,0,0,0,0,0,0,0
1382,,0,0,1,361,0,0,0,0,0,0,0,19552,19553,19554,19555,19556,0,0,0,0,0,0,0,0,0,0
1384,,2,0,0,361,0,0,0,0,0,0,0,19559,19560,0,0,0,0,0,0,0,0,0,0,0,0,0
1385,,3,0,1,361,0,0,0,0,0,0,0,19572,19573,0,0,0,0,0,0,0,0,0,0,0,0,0
1386,,6,1,1,361,0,0,0,0,0,0,0,19574,0,0,0,0,0,0,0,0,1387,0,0,0,0,0
1387,,4,1,1,361,0,0,0,0,0,0,0,19577,0,0,0,0,0,0,0,0,0,0,0,0,0,0
1388,,4,0,0,361,0,0,0,0,0,0,0,19578,20895,0,0,0,0,0,0,0,0,0,0,0,0,0
1389,,0,0,2,361,0,0,0,0,0,0,0,19583,19584,19585,19586,19587,0,0,0,0,0,0,0,0,0,0
1390,,4,0,3,361,0,0,0,0,0,0,0,19590,19592,0,0,0,0,0,0,0,0,0,0,0,0,0
1391,,2,0,1,361,0,0,0,0,0,0,0,19596,0,0,0,0,0,0,0,0,0,0,0,0,0,0
1393,,3,0,2,361,0,0,0,0,0,0,0,19598,19599,19600,19601,19602,0,0,0,0,0,0,0,0,0,0
1395,,1,0,2,361,0,0,0,0,0,0,0,19609,19610,19612,0,0,0,0,0,0,0,0,0,0,0,0
1396,,2,0,2,361,0,0,0,0,0,0,0,19616,19617,19618,19619,19620,0,0,0,0,0,0,0,0,0,0
1397,,5,0,2,361,0,0,0,0,0,0,0,19621,19622,19623,19624,19625,0,0,0,0,1393,0,0,4,0,0
1561,,4,1,1,202,0,0,0,0,0,0,0,20711,0,0,0,0,0,0,0,0,0,0,0,0,0,0
1621,,1,0,1,362,0,0,0,0,0,0,0,19159,19160,0,0,0,0,0,0,0,0,0,0,0,0,0
1622,,2,0,1,362,0,0,0,0,0,0,0,19255,19256,19257,19258,19259,0,0,0,0,0,0,0,0,0,0
1623,,0,0,0,362,0,0,0,0,0,0,0,24293,24294,24295,0,0,0,0,0,0,0,0,0,0,0,0
1624,,1,0,0,361,0,0,0,0,0,0,0,19557,19558,0,0,0,0,0,0,0,0,0,0,0,0,0
1625,,1,0,3,361,0,0,0,0,0,0,0,24443,19575,0,0,0,0,0,0,0,0,0,0,0,0,0
1635,,3,0,0,202,0,0,0,0,0,0,0,27789,27790,0,0,0,0,0,0,0,0,0,0,0,0,0
1636,,2,0,1,202,0,0,0,0,0,0,0,27811,27815,27816,0,0,0,0,0,0,0,0,0,0,0,0
1637,,6,1,1,202,0,0,0,0,0,0,0,724,0,0,0,0,0,0,0,0,1561,0,0,0,0,0
1638,,4,0,2,203,0,0,0,0,0,0,0,27839,27840,0,0,0,0,0,0,0,484,0,0,0,0,0
1640,,1,0,1,261,0,0,0,0,0,0,0,28996,28997,28998,0,0,0,0,0,0,0,0,0,0,0,0
1641,,4,0,0,261,0,0,0,0,0,0,0,28999,29000,0,0,0,0,0,0,0,0,0,0,0,0,0
1642,,3,0,1,261,0,0,0,0,0,0,0,29062,29064,29065,0,0,0,0,0,0,0,0,0,0,0,0
1643,,5,0,2,263,0,0,0,0,0,0,0,29082,29084,29086,29087,29088,0,0,0,0,0,0,0,0,0,0
1645,,3,0,3,261,0,0,0,0,0,0,0,30160,29179,29180,0,0,0,0,0,0,0,0,0,0,0,0
1646,,2,0,3,262,0,0,0,0,0,0,0,29187,29189,29191,0,0,0,0,0,0,0,0,0,0,0,0
1647,,4,0,0,263,0,0,0,0,0,0,0,29192,29193,0,0,0,0,0,0,0,0,0,0,0,0,0
1648,,4,0,0,262,0,0,0,0,0,0,0,29206,29205,29202,0,0,0,0,0,0,0,0,0,0,0,0
1700,,1,0,0,183,0,0,0,0,0,0,0,30892,30893,0,0,0,0,0,0,0,0,0,0,0,0,0
1701,,4,0,0,183,0,0,0,0,0,0,0,30894,30895,0,0,0,0,0,0,0,0,0,0,0,0,0
1702,,5,0,2,183,0,0,0,0,0,0,0,30902,30903,30904,30905,30906,0,0,0,0,0,0,0,0,0,0
1703,,5,0,1,181,0,0,0,0,0,0,0,30919,30920,0,0,0,0,0,0,0,223,0,0,0,0,0
